iso_code,continent,location,date,total_cases,new_cases,new_cases_smoothed,total_deaths,Latitude,Longitude,new_deaths_smoothed,total_cases_per_million,new_cases_per_million,new_cases_smoothed_per_million,total_deaths_per_million,population,new_deaths_smoothed_per_million,reproduction_rate,icu_patients,icu_patients_per_million,hosp_patients,hosp_patients_per_million,weekly_icu_admissions,weekly_icu_admissions_per_million,weekly_hosp_admissions,weekly_hosp_admissions_per_million,total_tests,new_tests,total_tests_per_thousand,new_tests_per_thousand,new_tests_smoothed,new_tests_smoothed_per_thousand,positive_rate,tests_per_case,tests_units,total_vaccinations,people_vaccinated,people_fully_vaccinated,total_boosters,new_vaccinations,new_vaccinations_smoothed,total_vaccinations_per_hundred,people_vaccinated_per_hundred,people_fully_vaccinated_per_hundred,total_boosters_per_hundred,new_vaccinations_smoothed_per_million,new_people_vaccinated_smoothed,new_people_vaccinated_smoothed_per_hundred,stringency_index,population_density,median_age,aged_65_older,aged_70_older,gdp_per_capita,extreme_poverty,cardiovasc_death_rate,diabetes_prevalence,female_smokers,male_smokers,handwashing_facilities,hospital_beds_per_thousand,life_expectancy,human_development_index,population,excess_mortality_cumulative_absolute,excess_mortality_cumulative,excess_mortality,excess_mortality_cumulative_per_million
AFG,Asia,Afghanistan,7/21/24,235214,0,0,7998,33.93911,67.709953,0,5506.84,0,0,187.25,41128772,0,,,,,,,,,,,,,,,,,,,,,,,,,,,,,,,,,54.42,18.6,2.58,1.34,1803.99,,597.03,9.59,,,37.75,0.5,64.83,0.51,41128772,,,,
ALB,Europe,Albania,7/21/24,335047,0,0,3605,41.153332,20.168331,0,120060.67,0,0,1291.82,2842318,0,,,,,,,,,,,,,,,,,,,,,,,,,,,,,,,,,104.87,38,13.19,8.64,11803.43,1.1,304.2,10.08,7.1,51.2,,2.89,78.57,0.8,2842318,,,,
DZA,Africa,Algeria,7/21/24,272083,0,0,6881,28.033886,1.659626,0,5807.74,0,0,146.88,44903228,0,,,,,,,,,,,,,,,,,,,,,,,,,,,,,,,,,17.35,29.1,6.21,3.86,13913.84,0.5,278.36,6.73,0.7,30.4,83.74,1.9,76.88,0.75,44903228,,,,
ASM,Oceania,American Samoa,7/21/24,8359,0,0,34,-14.270972,-170.132217,0,178803.61,0,0,727.28,44295,0,,,,,,,,,,,,,,,,,,,,,,,,,,,,,,,,,278.2,,,,,,283.75,,,,,,73.74,,44295,,,,
AND,Europe,Andorra,7/21/24,48015,0,0,159,42.546245,1.601554,0,585498.9,0,0,1938.86,79843,0,,,,,,,,,,,,,,,,,,,,,,,,,,,,,,,,,163.76,,,,,,109.14,7.97,29,37.8,,,83.73,0.87,79843,,,,
AGO,Africa,Angola,7/21/24,107481,0,0,1937,-11.2027,17.8739,0,2832.24,0,0,51.04,35588996,0,,,,,,,,,,,,,,,,,,,,,,,,,,,,,,,,,23.89,16.8,2.4,1.36,5819.5,,276.04,3.94,,,26.66,,61.15,0.58,35588996,,,,
AIA,North America,Anguilla,7/21/24,3904,0,0,12,18.2206,-63.0686,0,266849.7,0,0,820.24,15877,0,,,,,,,,,,,,,,,,,,,,,,,,,,,,,,,,,,,,,,,,,,,,,81.88,,15877,,,,
ATG,North America,Antigua and Barbuda,7/21/24,9106,0,0,146,17.0608,-61.7964,0,97070.49,0,0,1556.37,93772,0,,,,,,,,,,,,,,,,,,,,,,,,,,,,,,,,,231.84,32.1,6.93,4.63,21490.94,,191.51,13.17,,,,3.8,77.02,0.78,93772,,,,
ARG,South America,Argentina,7/21/24,10113624,107,15.29,130685,-38.4161,-63.6167,0,221282.12,2.34,0.33,2859.34,45510324,0,,,,,,,,,,,,,,,,,,,,,,,,,,,,,,,,,16.18,31.9,11.2,7.44,18933.91,0.6,191.03,5.5,16.2,27.7,,5,76.67,0.84,45510324,,,,
ARM,Asia,Armenia,7/21/24,451944,0,0,8777,40.0691,45.0382,0,152033.23,0,0,2952.57,2780472,0,,,,,,,,,,,,,,,,,,,,,,,,,,,,,,,,,102.93,35.7,11.23,7.57,8787.58,1.8,341.01,7.11,1.5,52.1,94.04,4.2,75.09,0.78,2780472,,,,
ABW,North America,Aruba,7/21/24,44224,0,0,292,12.5211,-69.9683,0,409176.53,0,0,2701.69,106459,0,,,,,,,,,,,,,,,,,,,,,,,,,,,,,,,,,584.8,41.2,13.08,7.45,35973.78,,,11.62,,,,,76.29,,106459,,,,
AUS,Oceania,Australia,7/21/24,11861161,0,0,25236,-25.274398,133.775136,0,443781.22,0,0,944.2,26177410,0,,,,,,,,,,,,,,,,,,,,,,,,,,,,,,,,,3.2,37.9,15.5,10.13,44648.71,0.5,107.79,5.07,13,16.5,,3.84,83.44,0.94,26177410,,,,
AUT,Europe,Austria,7/21/24,6082414,12,1.71,22534,47.516231,14.550072,0,666900.7,1.32,0.19,2470.72,8939617,0,,,,,,,,,,,,,,,,,,,,,,,,,,,,,,,,,106.75,44.4,19.2,13.75,45436.69,0.7,145.18,6.35,28.4,30.9,,7.37,81.54,0.92,8939617,,,,
AZE,Asia,Azerbaijan,7/21/24,835636,94,13.43,10353,40.143105	,47.576927	,0,80816.42,9.09,1.3,1001.26,10358078,0,,,,,,,,,,,,,,,,,,,,,,,,,,,,,,,,,119.31,32.4,6.02,3.87,15847.42,,559.81,7.11,0.3,42.5,83.24,4.7,73,0.76,10358078,,,,
BHS,North America,Bahamas,7/21/24,39064,72,10.29,849,25.03428	    ,-77.39628	,0,97324.85,179.38,25.63,2115.22,409989,0,,,,,,,,,,,,,,,,,,,,,,,,,,,,,,,,,39.5,34.3,9,5.2,27717.85,,235.95,13.17,3.1,20.4,,2.9,73.92,0.81,409989,,,,
BHR,Asia,Bahrain,7/21/24,696614,0,0,1536,25.930414	,50.637772	,0,432935.53,0,0,954.6,1472237,0,,,,,,,,,,,,,,,,,,,,,,,,,,,,,,,,,1935.91,32.4,2.37,1.39,43290.7,,151.69,16.52,5.8,37.6,,2,77.29,0.85,1472237,,,,
BGD,Asia,Bangladesh,7/21/24,2051272,40,5.71,29498,23.684994	,90.356331	,0,11810.72,0.23,0.03,169.84,171186368,0,,,,,,,,,,,,,,,,,,,,,,,,,,,,,,,,,1265.04,27.5,5.1,3.26,3523.98,14.8,298,8.38,1,44.7,34.81,0.8,72.59,0.63,171186368,,,,
BRB,North America,Barbados,7/21/24,107794,0,0,593,13.193887	,-59.543198	,0,381592.94,0,0,2099.23,281646,0,,,,,,,,,,,,,,,,,,,,,,,,,,,,,,,,,664.46,39.8,14.95,9.47,16978.07,,170.05,13.57,1.9,14.5,88.47,5.8,79.19,0.81,281646,,,,
BLR,Europe,Belarus,7/21/24,994037,0,0,7118,53.709807	,27.953389	,0,109796.37,0,0,786.22,9534956,0,,,,,,,,,,,,,,,,,,,,,,,,,,,,,,,,,46.86,40.3,14.8,9.79,17167.97,,443.13,5.18,10.5,46.1,,11,74.79,0.82,9534956,,,,
BEL,Europe,Belgium,7/21/24,4870157,1691,241.57,34339,50.503887	,4.469936	,0,414839.88,144.04,20.58,2925,11655923,0,,,,,,,,,,,,,,,,,,,,,,,,,,,,,,,,,375.56,41.8,18.57,12.85,42658.58,0.2,114.9,4.29,25.1,31.4,,5.64,81.63,0.93,11655923,,,,
BLZ,North America,Belize,7/21/24,71412,0,0,688,17.189877	,-88.49765	,0,171088.72,0,0,1648.31,405285,0,,,,,,,,,,,,,,,,,,,,,,,,,,,,,,,,,16.43,25,3.85,2.28,7824.36,,176.96,17.11,,,90.08,1.3,74.62,0.72,405285,,,,
BEN,Africa,Benin,7/21/24,28036,0,0,163,9.30769	    ,2.315834	,0,1935.92,0,0,11.26,13352864,0,,,,,,,,,,,,,,,,,,,,,,,,,,,,,,,,,99.11,18.8,3.24,1.94,2064.24,49.6,235.85,0.99,0.6,12.3,11.04,0.5,61.77,0.55,13352864,,,,
BMU,North America,Bermuda,7/21/24,18860,0,0,165,32.321384	,-64.75737	,0,291709.34,0,0,2552.07,64207,0,,,,,,,,,,,,,,,,,,,,,,,,,,,,,,,,,1308.82,,,,50669.32,,139.55,13,,,,,82.59,,64207,,,,
BTN,Asia,Bhutan,7/21/24,62697,0,0,21,27.514162	,90.433601	,0,79181.61,0,0,26.52,782457,0,,,,,,,,,,,,,,,,,,,,,,,,,,,,,,,,,21.19,28.6,4.88,2.98,8708.6,1.5,217.07,9.75,,,79.81,1.7,71.78,0.65,782457,,,,
BOL,South America,Bolivia,7/21/24,1212145,0,0,22387,-16.290154	,-63.588653	,0,97576.16,0,0,1802.13,12224114,0,,,,,,,,,,,,,,,,,,,,,,,,,,,,,,,,,10.2,25.4,6.7,4.39,6885.83,7.1,204.3,6.89,,,25.38,1.1,71.51,0.72,12224114,,,,
BES,North America,Bonaire Sint Eustatius and Saba,7/21/24,11922,0,0,41,,,0,387892.38,0,0,1333.97,27052,0,,,,,,,,,,,,,,,,,,,,,,,,,,,,,,,,,,,,,,,,,,,,,77.79,,27052,,,,
BIH,Europe,Bosnia and Herzegovina,7/21/24,403662,3,0.43,16391,43.915886	,17.679076	,0.14,127622.75,0.95,0.14,5182.22,3233530,0.04,,,,,,,,,,,,,,,,,,,,,,,,,,,,,,,,,68.5,42.5,16.57,10.71,11713.9,0.2,329.64,10.08,30.2,47.7,97.16,3.5,77.4,0.78,3233530,,,,
BWA,Africa,Botswana,7/21/24,330696,0,0,2801,-22.328474	,24.684866	,0,131052.25,0,0,1110.01,2630300,0,,,,,,,,,,,,,,,,,,,,,,,,,,,,,,,,,4.04,25.8,3.94,2.24,15807.37,,237.37,4.81,5.7,34.4,,1.8,69.59,0.74,2630300,,,,
BRA,South America,Brazil,7/21/24,37511921,0,0,702116,-14.235004	,-51.92528	,0,176907.02,0,0,3311.19,215313504,0,,,,,,,,,,,,,,,,,,,,,,,,,,,,,,,,,25.04,33.5,8.55,5.06,14103.45,3.4,177.96,8.11,10.1,17.9,,2.2,75.88,0.76,215313504,,,,
VGB,North America,British Virgin Islands,7/21/24,7557,0,0,64,18.420695	,-64.639968	,0,191259.55,0,0,1619.77,31332,0,,,,,,,,,,,,,,,,,,,,,,,,,,,,,,,,,207.97,,,,,,,13.67,,,,,79.07,,31332,,,,
BRN,Asia,Brunei,7/21/24,347069,399,57,178,4.535277	    ,114.727669	,0,749721.56,861.9,123.13,384.51,449002,0,,,,,,,,,,,,,,,,,,,,,,,,,,,,,,,,,81.35,32.4,4.59,2.38,71809.25,,201.28,12.79,2,30.9,,2.7,75.86,0.84,449002,,,,
BGR,Europe,Bulgaria,7/21/24,1329588,69,9.86,38700,42.733883	,25.48583	,0,196820.77,10.21,1.46,5728.82,6781955,0,,,,,,,,,,,,,,,,,,,,,,,,,,,,,,,,,65.18,44.7,20.8,13.27,18563.31,1.5,424.69,5.81,30.1,44.4,,7.45,75.05,0.82,6781955,,,,
BFA,Africa,Burkina Faso,7/21/24,22139,0,0,400,12.238333	,-1.561593	,0,938.98,0,0,16.96,22673764,0,,,,,,,,,,,,,,,,,,,,,,,,,,,,,,,,,70.15,17.6,2.41,1.36,1703.1,43.7,269.05,2.42,1.6,23.9,11.88,0.4,61.58,0.45,22673764,,,,
BDI,Africa,Burundi,7/21/24,54569,0,0,15,-3.373056	,29.918886	,0,3879.35,0,0,1.07,12889583,0,,,,,,,,,,,,,,,,,,,,,,,,,,,,,,,,,423.06,17.5,2.56,1.5,702.22,71.7,293.07,6.05,,,6.14,0.8,61.58,0.43,12889583,,,,
KHM,Asia,Cambodia,7/21/24,139310,5,0.71,3056,12.565679	,104.990963	,0,7892.8,0.28,0.04,173.14,16767851,0,,,,,,,,,,,,,,,,,,,,,,,,,,,,,,,,,90.67,25.6,4.41,2.38,3645.07,,270.89,4,2,33.7,66.23,0.8,69.82,0.59,16767851,,,,
CMR,Africa,Cameroon,7/21/24,125241,0,0,1974,7.369722	    ,12.354722	,0,4294.2,0,0,67.68,27914542,0,,,,,,,,,,,,,,,,,,,,,,,,,,,,,,,,,50.88,18.8,3.16,1.92,3364.93,23.8,244.66,7.2,,,2.74,1.3,59.29,0.56,27914542,,,,
CAN,North America,Canada,7/21/24,4818690,467,66.71,55280,,,0.86,121183.79,11.74,1.68,1390.22,38454328,0.02,,,,,,,,,,,,,,,,,,,,,,,,494,,,,,13,,,,4.04,41.4,16.98,10.8,44017.59,0.5,105.6,7.37,12,16.6,,2.5,82.43,0.93,38454328,,,,
CPV,Africa,Cape Verde,7/21/24,64474,0,0,417,16.002082	,-24.013197	,0,122804.92,0,0,794.27,593162,0,,,,,,,,,,,,,,,,,,,,,,,,,,,,,,,,,135.58,25.7,4.46,3.44,6222.55,,182.22,2.42,2.1,16.5,,2.1,72.98,0.66,593162,,,,
CYM,North America,Cayman Islands,7/21/24,31472,0,0,37,19.513469	,-80.566956	,0,422148.62,0,0,496.3,68722,0,,,,,,,,,,,,,,,,,,,,,,,,,,,,,,,,,256.5,,,,49903.03,,,13.22,,,,,83.92,,68722,,,,
CAF,Africa,Central African Republic,7/21/24,15441,0,0,113,6.611111	    ,20.939444	,0,2891.2,0,0,21.16,5579148,0,,,,,,,,,,,,,,,,,,,,,,,,,,,,,,,,,7.48,18.3,3.66,2.25,661.24,,435.73,6.1,,,16.6,1,53.28,0.4,5579148,,,,
TCD,Africa,Chad,7/21/24,7702,0,0,194,15.454166	,18.732207	,0,378.7,0,0,9.54,17723312,0,,,,,,,,,,,,,,,,,,,,,,,,,,,,,,,,,11.83,16.7,2.49,1.45,1768.15,38.4,281,6.1,,,5.82,,54.24,0.4,17723312,,,,
CHL,South America,Chile,7/21/24,5400928,62,8.86,62727,-35.675147	,-71.542969	,0.14,273188.25,3.14,0.45,3172.84,19603736,0.01,,,,,,,,,,,,,,,,,,,,,,,,,,,,,,,,,24.28,35.4,11.09,6.94,22767.04,1.3,127.99,8.46,34.2,41.5,,2.11,80.18,0.85,19603736,,,,
CHN,Asia,China,7/21/24,99369029,1988,284,122280,35.86166	    ,104.195397	,1,70020.38,1.4,0.2,86.16,1425887360,0,,,,,,,,,,,,,,,,,,,,,,,,,,,,,,,,,147.67,38.7,10.64,5.93,15308.71,0.7,261.9,9.74,1.9,48.4,,4.34,76.91,0.76,1425887360,,,,
COL,South America,Colombia,7/21/24,6389838,960,137.14,142727,4.570868	    ,-74.297333	,0,120754.57,18.14,2.59,2697.24,51874028,0,,,,,,,,,,,,,,,,,,,,,,,,,,,,,,,,,44.22,32.2,7.65,4.31,13254.95,4.5,124.24,7.44,4.7,13.5,65.39,1.71,77.29,0.77,51874028,,,,
COM,Africa,Comoros,7/21/24,9109,0,0,160,-11.875001	,43.872219	,0,10500.03,0,0,184.43,836783,0,,,,,,,,,,,,,,,,,,,,,,,,,,,,,,,,,437.35,20.4,2.96,1.73,1413.89,18.1,261.52,11.88,4.4,23.6,15.57,2.2,64.32,0.55,836783,,,,
COG,Africa,Congo,7/21/24,25227,0,0,389,-4.038333	,21.758664	,0,3978.23,0,0,61.34,5970430,0,,,,,,,,,,,,,,,,,,,,,,,,,,,,,,,,,15.4,19,3.4,2.06,4881.41,37,344.09,7.2,1.7,52.3,47.96,,64.57,0.57,5970430,,,,
COK,Oceania,Cook Islands,7/21/24,7344,0,0,2,,,0,535150.3,0,0,145.74,17032,0,,,,,,,,,,,,,,,,,,,,,,,,,,,,,,,,,,,,,,,,,,,,,76.25,,17032,,,,
CRI,North America,Costa Rica,7/21/24,1230653,0,0,9368,9.748917	    ,-83.753428	,0,239838.56,0,0,1825.7,5180836,0,,,,,,,,,,,,,,,,,,,,,,,,,,,,,,,,,96.08,33.6,9.47,5.69,15525,1.3,137.97,8.78,6.4,17.4,83.84,1.13,80.28,0.81,5180836,,,,
CIV,Africa,Cote d'Ivoire,7/21/24,88433,0,0,835,,,0,2765.53,0,0,26.11,28160548,0,,,,,,,,,,,,,,,,,,,,,,,,,,,,,,,,,76.4,18.7,2.93,1.58,3601.01,28.2,303.74,2.42,,,19.35,,57.78,0.54,28160548,,,,
HRV,Europe,Croatia,7/21/24,1317144,0,0,18752,,,0,340010.22,0,0,4840.68,4030361,0,,,,,,,,,,,,,,,,,,,,,,,,,,,,,,,,,73.73,44,19.72,13.05,22669.8,0.7,253.78,5.59,34.3,39.9,,5.54,78.49,0.85,4030361,,,,
CUB,North America,Cuba,7/21/24,1113662,0,0,8530,21.521757	,-77.781167	,0,101449.99,0,0,777.05,11212198,0,,,,,,,,,,,,,,,,,,,,,,,,,,,,,,,,,110.41,43.1,14.74,9.72,,,190.97,8.27,17.1,53.3,85.2,5.2,78.8,0.78,11212198,,,,
CUW,North America,Curacao,7/21/24,45883,0,0,305,,,0,247372.1,0,0,1644.37,191173,0,,,,,,,,,,,,,,,,,,,,,,,,,,,,,,,,,362.64,41.7,16.37,10.07,,,,11.62,,,,,78.88,,191173,,,,
CYP,Europe,Cyprus,7/21/24,696031,1584,226.29,1451,35.126413	,33.429859	,0,512175.3,1165.59,166.51,1067.72,896007,0,,,,,,,,,,,,,,,,,,,,,,,,,,,,,,,,,127.66,37.3,13.42,8.56,32415.13,,141.17,9.24,19.6,52.7,,3.4,80.98,0.89,896007,,,,
CZE,Europe,Czechia,7/21/24,4760891,310,44.29,43507,,,0,443743.72,28.89,4.13,4055.11,10493990,0,,0,0,12,1.14,0,0,16,1.52,,,,,,,,,,,,,,,4,,,,,0,0,0,,137.18,43.3,19.03,11.58,32605.91,,227.48,6.82,30.5,38.3,,6.63,79.38,0.9,10493990,,,,
COD,Africa,Democratic Republic of Congo,7/21/24,100933,0,0,1471,,,0,922.01,0,0,13.44,99010216,0,,,,,,,,,,,,,,,,,,,,,,,,,,,,,,,,,35.88,17,3.02,1.74,808.13,77.1,318.95,6.1,,,4.47,,60.68,0.48,99010216,,,,
DNK,Europe,Denmark,7/21/24,3435679,0,0,9693,56.26392	    ,9.501785	,0,574644.3,0,0,1621.23,5882259,0,,,,,,,,,,,,,,,,,,,,,,,,,,,,,,,,,136.52,42.3,19.68,12.32,46682.52,0.2,114.77,6.41,19.3,18.8,,2.5,80.9,0.94,5882259,,,,
DJI,Africa,Djibouti,7/21/24,15690,0,0,189,11.825138	,42.590275	,0,13415.2,0,0,161.6,1120851,0,,,,,,,,,,,,,,,,,,,,,,,,,,,,,,,,,41.28,25.4,4.21,2.38,2705.41,22.5,258.04,6.05,1.7,24.5,,1.4,67.11,0.52,1120851,,,,
DMA,North America,Dominica,7/21/24,16047,0,0,74,15.414999	,-61.370976	,0,242380.95,0,0,1117.73,72758,0,,,,,,,,,,,,,,,,,,,,,,,,,,,,,,,,,98.57,,,,9673.37,,227.38,11.62,,,,3.8,75,0.74,72758,,,,
DOM,North America,Dominican Republic,7/21/24,661103,0,0,4384,18.735693	,-70.162651	,0,57825.88,0,0,383.46,11228821,0,,,,,,,,,,,,,,,,,,,,,,,,,,,,,,,,,222.87,27.6,6.98,4.42,14600.86,1.6,266.65,8.2,8.5,19.1,55.18,1.6,74.08,0.76,11228821,,,,
TLS,Asia,East Timor,7/21/24,23460,0,0,138,,,0,16737.8,0,0,98.46,1341298,0,,,,,,,,,,,,,,,,,,,,,,,,,,,,,,,,,87.18,18,3.56,1.9,6570.1,30.3,335.35,6.86,6.3,78.1,28.18,5.9,69.5,0.61,1341298,,,,
ECU,South America,Ecuador,7/21/24,1077122,157,22.43,36050,-1.831239	,-78.183406	,0,59365.39,8.65,1.24,1986.89,18001002,0,,,,,,,,,,,,,,,,,,,,,,,,,,,,,,,,,66.94,28.1,7.1,4.46,10581.94,3.6,140.45,5.55,2,12.3,80.64,1.5,77.01,0.76,18001002,,,,
EGY,Africa,Egypt,7/21/24,516023,0,0,24830,26.820553	,30.802498	,0,4424.13,0,0,212.88,110990096,0,,,,,,,,,,,,,,,,,,,,,,,,,,,,,,,,,98,25.3,5.16,2.89,10550.21,1.3,525.43,17.31,0.2,50.1,89.83,1.6,71.99,0.71,110990096,,,,
SLV,North America,El Salvador,7/21/24,201912,4,0.57,4230,13.794185	,-88.89653	,0,31848.85,0.63,0.09,667.22,6336393,0,,,,,,,,,,,,,,,,,,,,,,,,,,,,,,,,,307.81,27.6,8.27,5.42,7292.46,2.2,167.3,8.87,2.5,18.8,90.65,1.3,73.32,0.67,6336393,,,,
OWID_ENG,Europe,England,12/8/23,,,,,,,,,,,,56550000,,,,,2913,51.51,,,2622,46.37,,,,,,,,,,,,,,,,,,,,,,,,,,,,,,,,,,,,,,56550000,,,,
GNQ,Africa,Equatorial Guinea,7/21/24,17130,0,0,183,1.650801	    ,10.267895	,0,9039.4,0,0,96.57,1674916,0,,,,,,,,,,,,,,,,,,,,,,,,,,,,,,,,,45.19,22.4,2.85,1.75,22604.87,,202.81,7.78,,,24.64,2.1,58.74,0.59,1674916,,,,
ERI,Africa,Eritrea,7/21/24,10189,0,0,103,15.179384	,39.782334	,0,2878.64,0,0,29.1,3684041,0,,,,,,,,,,,,,,,,,,,,,,,,,,,,,,,,,44.3,19.3,3.61,2.17,1510.46,,311.11,6.05,0.2,11.4,,0.7,66.32,0.46,3684041,,,,
EST,Europe,Estonia,7/21/24,610471,0,0,2998,58.595272	,25.013607	,0,448989.66,0,0,2204.97,1326064,0,,,,,,,,,,,,,,,,,,,,,,,,6,,,,,5,0,0,,31.03,42.7,19.45,13.49,29481.25,0.5,255.57,4.02,24.5,39.3,,4.69,78.74,0.89,1326064,,,,
SWZ,Africa,Eswatini,7/21/24,75356,0,0,1427,,,0,60596.93,0,0,1147.51,1201680,0,,,,,,,,,,,,,,,,,,,,,,,,,,,,,,,,,79.49,21.5,3.16,1.84,7738.98,,333.44,3.94,1.7,16.5,24.1,2.1,60.19,0.61,1201680,,,,
ETH,Africa,Ethiopia,7/21/24,501185,0,0,7574,9.145	    ,40.489673	,0,3789.77,0,0,57.27,123379928,0,,,,,,,,,,,,,,,,,,,,,,,,,,,,,,,,,104.96,19.8,3.53,2.06,1729.93,26.7,182.63,7.47,0.4,8.5,7.96,0.3,66.6,0.48,123379928,,,,
OWID_EUR,,Europe,7/21/24,252798408,27647,3949.57,2101872,,,19.43,338687.75,37.04,5.29,2815.99,744807803,0.03,,,,,,,,,,,,,,,,,,,1399333897,523814304,493751286,365099679,6,12,187.88,70.33,66.29,49.02,0,0,0,,,,,,,,,,,,,,,,744807803,,,,
OWID_EUN,,European Union (27),7/21/24,185732052,16504,2357.71,1262416,,,16.29,412563.56,36.66,5.24,2804.18,450146793,0.04,,,,,,,,,,,,,,,,,,,,,,,,,,,,,,,,,,,,,,,,,,,,,,,450146793,,,,
FLK,South America,Falkland Islands,7/21/24,1923,0,0,0,-51.796253	,-59.523613	,0,550678.6,0,0,0,3801,0,,,,,,,,,,,,,,,,,,,,,,,,,,,,,,,,,,,,,,,,,,,,,81.44,,3801,,,,
FRO,Europe,Faroe Islands,7/21/24,34658,0,0,28,61.892635	,-6.911806	,0,625018.56,0,0,504.95,53117,0,,,,,,,,,,,,,,,,,,,,,,,,,,,,,,,,,35.31,,,,,,,,,,,,80.67,,53117,,,,
FJI,Oceania,Fiji,7/21/24,69047,0,0,885,-16.578193	,179.414413	,0,74320.75,0,0,952.6,929769,0,,,,,,,,,,,,,,,,,,,,,,,,,,,,,,,,,49.56,28.6,6.22,3.28,8702.98,1.4,412.82,14.49,10.2,34.8,,2.3,67.44,0.74,929769,,,,
FIN,Europe,Finland,7/21/24,1499712,0,0,11466,61.92411	    ,25.748151	,0,266964.66,0,0,2041.07,5540745,0,,,,,,,,,,,,,,,,,,,,,,,,,,,,,,,,,18.14,42.8,21.23,13.26,40585.72,,153.51,5.76,18.3,22.6,,3.28,81.91,0.94,5540745,,,,
FRA,Europe,France,7/21/24,38997490,,,168091,46.227638	,2.213749	,,604105.2,,,2603.88,67813000,,,,,,,,,,,,,,,,,,,,,,,,,,,,,,,,,,122.58,42,19.72,13.08,38605.67,,86.06,4.77,30.1,35.6,,5.98,82.66,0.9,67813000,,,,
GUF,South America,French Guiana,7/21/24,98041,0,0,413,3.933889	    ,-53.125782	,0,317472.75,0,0,1337.36,304568,0,,,,,,,,,,,,,,,,,,,,,,,,,,,,,,,,,,25.3,,2.9,,,,,,,,,79.95,,304568,,,,
PYF,Oceania,French Polynesia,7/21/24,79340,7,1,650,,,0,281496.53,24.84,3.55,2306.18,306292,0,,,,,,,,,,,,,,,,,,,,,,,,,,,,,,,,,77.32,32.7,7.78,4.59,,,,22.63,,,,,77.66,,306292,,,,
GAB,Africa,Gabon,7/21/24,49051,0,0,307,-0.803689	,11.609444	,0,19296.81,0,0,120.78,2388997,0,,,,,,,,,,,,,,,,,,,,,,,,,,,,,,,,,7.86,23.1,4.45,2.98,16562.41,3.4,259.97,7.2,,,,6.3,66.47,0.7,2388997,,,,
GMB,Africa,Gambia,7/21/24,12627,0,0,372,13.443182	,-15.310139	,0,4569.37,0,0,134.62,2705995,0,,,,,,,,,,,,,,,,,,,,,,,,,,,,,,,,,207.57,17.5,2.34,1.42,1561.77,10.1,331.43,1.91,0.7,31.2,7.88,1.1,62.05,0.5,2705995,,,,
GEO,Asia,Georgia,7/21/24,1863615,116,16.57,17150,42.315407	,43.356892	,0,489444.4,30.46,4.35,4504.13,3744385,0,,,,,,,,,,,,,,,,,,,,,,,,,,,,,,,,,65.03,38.7,14.86,10.24,9745.08,4.2,496.22,7.11,5.3,55.5,,2.6,73.77,0.81,3744385,,,,
DEU,Europe,Germany,7/21/24,38437756,,,174979,51.165691	,10.451526	,,454744.28,,,2070.12,83369840,,,,,,,,,,,,,,,,,,,,,,,,,,,,,,,,,,237.02,46.6,21.45,15.96,45229.24,,156.14,8.31,28.2,33.1,,8,81.33,0.95,83369840,,,,
GHA,Africa,Ghana,7/21/24,172057,0,0,1462,7.946527	    ,-1.023194	,0,4992.61,0,0,42.42,33475870,0,,,,,,,,,,,,,,,,,,,,,,,,,,,,,,,,,126.72,21.1,3.38,1.95,4227.63,12,298.24,4.97,0.3,7.7,41.05,0.9,64.07,0.61,33475870,,,,
GIB,Europe,Gibraltar,7/21/24,20550,0,0,113,36.137741	,-5.345374	,0,521680.25,0,0,2868.61,32677,0,,,,,,,,,,,,,,,,,,,,,,,,,,,,,,,,,3457.1,,,,,,,,,,,,79.93,,32677,,,,
GRC,Europe,Greece,7/21/24,5661735,5415,773.57,39167,39.074208	,21.824312	,5.57,563814.4,539.24,77.04,3900.38,10384972,0.56,,,,,,,,,,,,,,,,,,,,,,,,,,,,,,,,,83.48,45.3,20.4,14.52,24574.38,1.5,175.7,4.55,35.3,52,,4.21,82.24,0.89,10384972,,,,
GRL,North America,Greenland,7/21/24,11971,0,0,21,71.706936	,-42.604303	,0,214308.66,0,0,375.95,56494,0,,,,,,,,,,,,,,,,,,,,,,,,,,,,,,,,,0.14,,,,,,199.94,2.16,,,,,71.7,,56494,,,,
GRD,North America,Grenada,7/21/24,19693,0,0,238,12.262776	,-61.604171	,0,167998.22,0,0,2030.34,125459,0,,,,,,,,,,,,,,,,,,,,,,,,,,,,,,,,,317.13,29.4,7.3,5.02,13593.88,,243.96,10.71,,,,3.7,72.4,0.78,125459,,,,
GLP,North America,Guadeloupe,7/21/24,203235,0,0,1021,16.995971	,-62.067641	,0,541902.4,0,0,2722.38,395762,0,,,,,,,,,,,,,,,,,,,,,,,,,,,,,,,,,,43.4,,,,,,,,,,,82.14,,395762,,,,
GUM,Oceania,Guam,7/21/24,52287,0,0,419,13.444304	,144.793731	,0,311500.7,0,0,2496.2,171783,0,,,,,,,,,,,,,,,,,,,,,,,,,,,,,,,,,304.13,31.4,9.55,5.49,,,310.5,21.52,,,,,80.07,,171783,,,,
GTM,North America,Guatemala,7/21/24,1250369,2,0.29,20203,15.783471	,-90.230759	,0,67874.45,0.11,0.02,1096.69,17843914,0,,,,,,,,,,,,,,,,,,,,,,,,,,,,,,,,,157.83,22.9,4.69,3.02,7423.81,8.7,155.9,10.18,,,76.67,0.6,74.3,0.66,17843914,,,,
GGY,Europe,Guernsey,7/21/24,35326,0,0,67,49.465691	,-2.585278	,0,549268.5,0,0,1041.75,63329,0,,,,,,,,,,,,,,,,,,,,,,,,,,,,,,,,,,,,,,,,,,,,,,,63329,,,,
GIN,Africa,Guinea,7/21/24,38572,0,0,468,9.945587	    ,-9.696645	,0,2610.86,0,0,31.68,13859349,0,,,,,,,,,,,,,,,,,,,,,,,,,,,,,,,,,51.76,19,3.14,1.73,1998.93,35.3,336.72,2.42,,,17.45,0.3,61.6,0.48,13859349,,,,
GNB,Africa,Guinea-Bissau,7/21/24,9614,0,0,177,11.803749	,-15.180413	,0,4362.07,0,0,80.31,2105580,0,,,,,,,,,,,,,,,,,,,,,,,,,,,,,,,,,66.19,19.4,3,1.56,1548.68,67.1,382.47,2.42,,,6.4,,58.32,0.48,2105580,,,,
GUY,South America,Guyana,7/21/24,74357,0,0,1302,4.860416	    ,-58.93018	,0,89440.04,0,0,1566.11,808727,0,,,,,,,,,,,,,,,,,,,,,,,,,,,,,,,,,3.95,26.3,5.3,2.84,7435.05,,373.16,11.62,,,77.16,1.6,69.91,0.68,808727,,,,
HTI,North America,Haiti,7/21/24,34298,0,0,860,18.971187	,-72.285215	,0,2911.58,0,0,73.01,11585003,0,,,,,,,,,,,,,,,,,,,,,,,,,,,,,,,,,398.45,24.3,4.8,2.95,1653.17,23.5,430.55,6.65,2.9,23.1,22.86,0.7,64,0.51,11585003,,,,
OWID_HIC,,High-income countries,7/21/24,428935384,25149,3592.71,2995200,,,82.71,348177.34,20.41,2.92,2431.28,1250514600,0.07,,,,,,,,,,,,,,,,,,,,,,,,,,,,,,,,,,,,,,,,,,,,,,,1250514600,,,,
HND,North America,Honduras,7/21/24,472888,1,0.14,11114,15.199999	,-86.241905	,0,43642.17,0.09,0.01,1025.7,10432858,0,,,,,,,,,,,,,,,,,,,,,,,,,,,,,,,,,82.8,24.9,4.65,2.88,4541.8,16,240.21,7.21,2,,84.17,0.7,75.27,0.63,10432858,,,,
HKG,Asia,Hong Kong,7/21/24,,,,,22.396428	,114.109497	,,,,,,7488863,,,,,,,,,,,,,,,,,,,,,,,,,153,,,,,20,5,0,,7039.71,44.8,16.3,10.16,56054.92,,,8.33,,,,,84.86,0.95,7488863,,,,
HUN,Europe,Hungary,7/21/24,2230591,43,6.14,49053,47.162494	,19.503304	,0.29,230582.25,4.44,0.64,5070.74,9967304,0.03,,,,,,,,,,,,,,,,,,,,,,,,,,,,,,,,,108.04,43.4,18.58,11.98,26777.56,0.5,278.3,7.55,26.8,34.8,,7.02,76.88,0.85,9967304,,,,
ISL,Europe,Iceland,7/21/24,210315,58,8.29,186,64.963051	,-19.020835	,0,534241,147.33,21.05,472.48,372903,0,,,,,,,,,,,,,,,,,,,,,,,,,,,,,,,,,3.4,37.3,14.43,9.21,46482.96,0.2,117.99,5.31,14.3,15.2,,2.91,82.99,0.95,372903,,,,
IND,Asia,India,7/21/24,45041192,440,62.86,533623,20.593684	,78.96288	,0.14,31027.71,0.3,0.04,367.6,1417173120,0,,,,,,,,,,,,,,,,,,,2206867803,,951990485,227438459,4,7,155.72,,67.18,16.05,0,3,0,,450.42,28.2,5.99,3.41,6426.67,21.2,282.28,10.39,1.9,20.6,59.55,0.53,69.66,0.64,1417173120,,,,
IDN,Asia,Indonesia,7/21/24,6829353,48,6.86,162059,-0.789275	,113.921327	,0,24080.06,0.17,0.02,571.41,275501344,0,,,,,,,,,,,,,,,,,,,,,,,,,,,,,,,,,145.72,29.3,5.32,3.05,11188.74,5.7,342.86,6.32,2.8,76.1,64.2,1.04,71.72,0.72,275501344,,,,
IRN,Asia,Iran,7/21/24,7627863,0,0,146837,32.427908	,53.688046	,0,83260.61,0,0,1602.77,88550568,0,,,,,,,,,,,,,,,,,,,,,,,,,,,,,,,,,49.83,32.4,5.44,3.18,19082.62,0.2,270.31,9.59,0.8,21.1,,1.5,76.68,0.78,88550568,,,,
IRQ,Asia,Iraq,7/21/24,2465545,0,0,25375,33.223191	,43.679291	,0,53487.59,0,0,550.49,44496124,0,,,,,,,,,,,,,,,,,,,,,,,,,,,,,,,,,88.12,20,3.19,1.96,15663.99,2.5,218.61,8.83,,,94.58,1.4,70.6,0.67,44496124,,,,
IRL,Europe,Ireland,7/21/24,1743422,982,140.29,9699,53.41291	    ,-8.24389	,0.43,331579.97,186.77,26.68,1844.64,5023108,0.08,,,,,,,,,,,,,,,,,,,,,,,,,,,,,,,,,69.87,38.7,13.93,8.68,67335.29,0.2,126.46,3.28,23,25.7,,2.96,82.3,0.96,5023108,,,,
IMN,Europe,Isle of Man,7/21/24,38008,0,0,116,54.236107	,-4.548056	,0,451512.06,0,0,1378.01,84534,0,,,,,,,,,,,,,,,,,,,,,,,,,,,,,,,,,147.87,,,,,,,,,,,,81.4,,84534,,,,
ISR,Asia,Israel,7/21/24,4841558,0,0,12707,31.046051	,34.851612	,0,515380.25,0,0,1352.65,9449000,0,,,,,,,,,,,,,,,,,,,,,,,,,,,,,,,,,402.61,30.6,11.73,7.36,33132.32,0.5,93.32,6.74,15.4,35.4,,2.99,82.97,0.92,9449000,,,,
ITA,Europe,Italy,7/21/24,26727644,0,0,197081,41.87194	    ,12.56738	,0,450475.3,0,0,3321.66,59037472,0,,44,0.74,1421,24.07,44,0.74,,,,,,,,,,,,,,,,,,,,,,,,,,205.86,47.9,23.02,16.24,35220.08,2,113.15,4.78,19.8,27.8,,3.18,83.51,0.89,59037472,,,,
JAM,North America,Jamaica,7/21/24,157137,22,3.14,3604,18.109581	,-77.297508	,0,55348.1,7.75,1.11,1269.43,2827382,0,,,,,,,,,,,,,,,,,,,,,,,,,,,,,,,,,266.88,31.4,9.68,6.39,8193.57,,206.54,11.28,5.3,28.6,66.42,1.7,74.47,0.73,2827382,,,,
JPN,Asia,Japan,7/21/24,33803572,0,0,74694,36.204824	,138.252924	,0,273232.06,0,0,603.75,123951696,0,,,,,,,,,,,,,,,,,,,,,,,,,,,,,,,,,347.78,48.2,27.05,18.49,39002.22,,79.37,5.72,11.2,33.7,,13.05,84.63,0.92,123951696,,,,
JEY,Europe,Jersey,7/21/24,66391,0,0,161,49.214439	,-2.13125	,0,639211.56,0,0,1550.11,110796,0,,,,,,,,,,,,,,,,,,,,,,,,,,,,,,,,,,,,,,,,,,,,,,,110796,,,,
JOR,Asia,Jordan,7/21/24,1746997,0,0,14122,30.585164	,36.238414	,0,151240.5,0,0,1222.57,11285875,0,,,,,,,,,,,,,,,,,,,,,,,,,,,,,,,,,109.28,23.2,3.81,2.36,8337.49,0.1,208.26,11.75,,,,1.4,74.53,0.73,11285875,,,,
KAZ,Asia,Kazakhstan,7/21/24,1504370,0,0,19072,48.019573	,66.923684	,0,73005.2,0,0,925.54,19397998,0,,,,,,,,,,,,,,,,,,,,,,,,,,,,,,,,,6.68,30.6,6.99,4.62,24055.59,0.1,466.79,7.11,7,43.1,99,6.7,73.6,0.82,19397998,,,,
KEN,Africa,Kenya,7/21/24,344105,0,0,5689,-0.023559	,37.906193	,0,6091.09,0,0,100.7,54027484,0,,,,,,,,,,,,,,,,,,,,,,,,,,,,,,,,,87.32,20,2.69,1.53,2993.03,36.8,218.64,2.92,1.2,20.4,24.65,1.4,66.7,0.6,54027484,,,,
KIR,Oceania,Kiribati,7/21/24,5085,0,0,24,,,0,37770.52,0,0,178.27,131237,0,,,,,,,,,,,,,,,,,,,,,,,,,,,,,,,,,143.7,23.2,3.9,2.21,1981.13,,434.66,22.66,35.9,58.9,,1.9,68.37,0.63,131237,,,,
OWID_KOS,Europe,Kosovo,7/21/24,274279,0,0,3212,42.602636	,20.902977	,0,162852.95,0,0,1907.12,1782115,0,,,,,,,,,,,,,,,,,,,,,,,,,,,,,,,,,168.16,,,,9795.83,0.6,,,,,,,,,1782115,,,,
KWT,Asia,Kuwait,7/21/24,667290,0,0,2570,29.31166	    ,47.481766	,0,135091.92,0,0,520.29,4268886,0,,,,,,,,,,,,,,,,,,,,,,,,,,,,,,,,,232.13,33.7,2.35,1.11,65530.54,,132.24,15.84,2.7,37,,2,75.49,0.81,4268886,,,,
KGZ,Asia,Kyrgyzstan,7/21/24,88953,0,0,1024,41.20438	    ,74.766098	,0,12368.35,0,0,142.38,6630621,0,,,,,,,,,,,,,,,,,,,,,,,,,,,,,,,,,32.33,26.3,4.49,2.88,3393.47,1.4,436.36,7.11,3.6,50.5,89.22,4.5,71.45,0.7,6630621,,,,
LAO,Asia,Laos,7/21/24,219060,0,0,671,19.85627	    ,102.495496	,0,28173.18,0,0,86.3,7529477,0,,,,,,,,,,,,,,,,,,,,,,,,,,,,,,,,,29.72,24.4,4.03,2.32,6397.36,22.7,368.11,4,7.3,51.2,49.84,1.5,67.92,0.61,7529477,,,,
LVA,Europe,Latvia,7/21/24,977765,0,0,7475,56.879635	,24.603189	,0,522625.72,0,0,3995.47,1850654,0,,,,,,,,,,,,,,,,,,,,,,,,,,,,,,,,,31.21,43.9,19.75,14.14,25063.85,0.7,350.06,4.91,25.6,51,,5.57,75.29,0.87,1850654,,,,
LBN,Asia,Lebanon,7/21/24,1239904,0,0,10947,33.854721	,35.862285	,0,213469.44,0,0,1884.7,5489744,0,,,,,,,,,,,,,,,,,,,,,,,,,,,,,,,,,594.56,31.1,8.51,5.43,13367.56,,266.59,12.71,26.9,40.7,,2.9,78.93,0.74,5489744,,,,
LSO,Africa,Lesotho,7/21/24,36138,0,0,709,-29.609988	,28.233608	,0,15451.21,0,0,303.14,2305826,0,,,,,,,,,,,,,,,,,,,,,,,,,,,,,,,,,73.56,22.2,4.51,2.65,2851.15,59.6,405.13,3.94,0.4,53.9,2.12,,54.33,0.53,2305826,,,,
LBR,Africa,Liberia,7/21/24,7930,0,0,294,6.428055	    ,-9.429499	,0,1411.21,0,0,52.32,5302690,0,,,,,,,,,,,,,,,,,,,,,,,,,,,,,,,,,49.13,19.2,3.06,1.76,752.79,38.6,272.51,2.42,1.5,18.1,1.19,0.8,64.1,0.48,5302690,,,,
LBY,Africa,Libya,7/21/24,507269,0,0,6437,26.3351	    ,17.228331	,0,68686.53,0,0,871.6,6812344,0,,,,,,,,,,,,,,,,,,,,,,,,,,,,,,,,,3.62,29,4.42,2.82,17881.51,,341.86,10.43,,,,3.7,72.91,0.72,6812344,,,,
LIE,Europe,Liechtenstein,7/21/24,21587,3,0.43,89,47.166	    ,9.555373	,0,540916.5,75.17,10.74,2230.12,39355,0,,,,,,,,,,,,,,,,,,,,,,,,,,,,,,,,,237.01,,,,,,,7.77,,,,2.4,82.49,0.92,39355,,,,
LTU,Europe,Lithuania,7/21/24,1367900,347,49.57,9809,55.169438	,23.881275	,0,478700.8,121.43,17.35,3432.69,2750058,0,,,,,,,,,,,,,,,,,,,,,,,,2,,,,,1,0,0,,45.14,43.5,19,13.78,29524.26,0.7,342.99,3.67,21.3,38,,6.56,75.93,0.88,2750058,,,,
OWID_LIC,,Low-income countries,7/21/24,1944245,0,0,43525,,,0,2565.67,0,0,57.44,737604900,0,,,,,,,,,,,,,,,,,,,,,,,,,,,,,,,,,,,,,,,,,,,,,,,737604900,,,,
OWID_LMC,,Lower-middle-income countries,7/21/24,91947733,587,83.86,1188017,,,0.14,27892.04,0.18,0.02,360.38,3432097300,0,,,,,,,,,,,,,,,,,,,,,,,,,,,,,,,,,,,,,,,,,,,,,,,3432097300,,,,
LUX,Europe,Luxembourg,7/21/24,393140,311,44.43,1000,49.815273	,6.129583	,0,583770.94,461.8,65.97,1484.89,647601,0,,,,,,,,,,,,,,,,,,,,,,,,,,,,,,,,,231.45,39.7,14.31,9.84,94277.96,0.2,128.28,4.42,20.9,26,,4.51,82.25,0.92,647601,,,,
MAC,Asia,Macao,4/13/23,,,,,22.198745	,113.543873	,,,,,,695180,,,,,,,,,,,,,,,,,,,,1802985,679703,642266,481016,,125,259.36,97.77,92.39,69.19,180,13,0,,20546.77,39.2,9.8,4.99,104861.85,,,,,,,,84.24,,695180,,,,
MDG,Africa,Madagascar,7/21/24,68564,0,0,1427,-18.766947	,46.869107	,0,2142.12,0,0,44.58,29611718,0,,,,,,,,,,,,,,,,,,,,,,,,,,,,,,,,,43.95,19.6,2.93,1.69,1416.44,77.6,405.99,3.94,,,50.54,0.2,67.04,0.53,29611718,,,,
MWI,Africa,Malawi,7/21/24,89168,0,0,2686,-13.254308	,34.301525	,0,4111.77,0,0,123.86,20405318,0,,,,,,,,,,,,,,,,,,,,,,,,,,,,,,,,,197.52,18.1,2.98,1.78,1095.04,71.4,227.35,3.94,4.4,24.7,8.7,1.3,64.26,0.48,20405318,,,,
MYS,Asia,Malaysia,7/21/24,5306834,1984,283.43,37351,4.210484	    ,101.975766	,0,149149.27,55.76,7.97,1049.76,33938216,0,,4,0.12,60,1.77,,,167,4.92,,,,,,,,,,72656901,28138528,27551116,17185507,9,15,214.09,82.91,81.18,50.64,0,2,0,,96.25,29.9,6.29,3.41,26808.16,0.1,260.94,16.74,1,42.4,,1.9,76.16,0.81,33938216,,,,
MDV,Asia,Maldives,7/21/24,186694,0,0,316,3.202778	    ,73.22068	,0,353651.44,0,0,598.59,523798,0,,,,,,,,,,,,,,,,,,,,,,,,,,,,,,,,,1454.43,30.6,4.12,2.88,15183.62,,164.9,9.19,2.1,55,95.8,,78.92,0.74,523798,,,,
MLI,Africa,Mali,7/21/24,33166,0,0,743,17.570692	,-3.996166	,0,1352.72,0,0,30.3,22593598,0,,,,,,,,,,,,,,,,,,,,,,,,,,,,,,,,,15.2,16.4,2.52,1.49,2014.31,,268.02,2.42,1.6,23,52.23,0.1,59.31,0.43,22593598,,,,
MLT,Europe,Malta,7/21/24,122577,208,29.71,918,35.937496	,14.375416	,0.29,227023.66,385.24,55.03,1700.22,533293,0.53,,,,,,,,,,,,,,,,,,,,,,,,,,,,,,,,,1454.04,42.4,19.43,11.32,36513.32,0.2,168.71,8.83,20.9,30.2,,4.49,82.53,0.9,533293,,,,
MHL,Oceania,Marshall Islands,7/21/24,16252,0,0,17,7.131474	    ,171.184478	,0,433357.53,0,0,453.3,41593,0,,,,,,,,,,,,,,,,,,,,,,,,,,,,,,,,,295.15,,,,3819.2,,557.79,30.53,,,82.5,2.7,73.7,0.7,41593,,,,
MTQ,North America,Martinique,7/21/24,230354,0,0,1104,14.641528	,-61.024174	,0,671485.56,0,0,3218.18,367512,0,,,,,,,,,,,,,,,,,,,,,,,,,,,,,,,,,,45.7,,12.54,,,,,,,,,82.54,,367512,,,,
MRT,Africa,Mauritania,7/21/24,63869,0,0,997,21.00789	    ,-10.940835	,0,12336.15,0,0,192.57,4736146,0,,,,,,,,,,,,,,,,,,,,,,,,,,,,,,,,,4.29,20.3,3.14,1.79,3597.63,6,232.35,2.42,,,15.95,,64.92,0.55,4736146,,,,
MUS,Africa,Mauritius,7/21/24,328167,0,0,1073,-20.348404	,57.552152	,0,258193.3,0,0,844.21,1299478,0,,,,,,,,,,,,,,,,,,,,,,,,,,,,,,,,,622.96,37.4,10.94,5.88,20292.74,0.5,224.64,22.02,3.2,40.7,,3.4,74.99,0.8,1299478,,,,
MYT,Africa,Mayotte,7/21/24,42027,0,0,187,-12.8275	    ,45.166244	,0,128488.14,0,0,571.71,326113,0,,,,,,,,,,,,,,,,,,,,,,,,,,,,,,,,,,20.1,,2.41,,,,,,,,,79.46,,326113,,,,
MEX,North America,Mexico,7/21/24,7617685,425,60.71,334524,,,0,58185.58,3.25,0.46,2555.17,127504120,0,,,,,,,,,,,,,,,,,,,,,,,,,,,,,,,,,66.44,29.3,6.86,4.32,17336.47,2.5,152.78,13.06,6.9,21.4,87.85,1.38,75.05,0.78,127504120,,,,
FSM,Oceania,Micronesia (country),7/21/24,26460,0,0,65,7.425554	    ,150.550812	,0,233743.89,0,0,574.2,114178,0,,,,,,,,,,,,,,,,,,,,,,,,,,,,,,,,,150.78,23,4.81,2.39,3299.46,16,454.34,12.02,,,,,67.88,0.62,114178,,,,
MDA,Europe,Moldova,7/21/24,636266,255,36.43,12241,47.411631	,28.369885	,0.14,209792.25,84.08,12.01,4036.15,3272993,0.05,,,,,,,,,,,,,,,,,,,,,,,,,,,,,,,,,123.66,37.6,10.86,6.96,5189.97,0.2,408.5,5.72,5.9,44.6,86.98,5.8,71.9,0.75,3272993,,,,
MCO,Europe,Monaco,7/21/24,17181,0,0,67,43.750298	,7.412841	,0,444640.97,0,0,1733.95,36491,0,,,,,,,,,,,,,,,,,,,,,,,,,,,,,,,,,19347.5,,,,,,,5.46,,,,13.8,86.75,,36491,,,,
MNG,Asia,Mongolia,7/21/24,1011489,0,0,2136,46.862496	,103.846656	,0,290840.2,0,0,614.18,3398373,0,,,,,,,,,,,,,,,,,,,,,,,,,,,,,,,,,1.98,28.6,4.03,2.42,11840.85,0.5,460.04,4.82,5.5,46.5,71.18,7,69.87,0.74,3398373,,,,
MNE,Europe,Montenegro,7/21/24,251280,0,0,2654,42.708678	,19.37439	,0,393751.06,0,0,4158.77,627082,0,,,,,,,,,,,,,,,,,,,,,,,,,,,,,,,,,46.28,39.1,14.76,9.4,16409.29,1,387.3,10.08,44,47.9,,3.86,76.88,0.83,627082,,,,
MSR,North America,Montserrat,7/21/24,1403,0,0,8,16.742498	,-62.187366	,0,317974.66,0,0,1813.11,4413,0,,,,,,,,,,,,,,,,,,,,,,,,,,,,,,,,,,,,,,,,,,,,,74.16,,4413,,,,
MAR,Africa,Morocco,7/21/24,1279115,0,0,16305,31.791702	,-7.09262	,0,33572.28,0,0,427.95,37457976,0,,,,,,,,,,,,,,,,,,,,,,,,,,,,,,,,,80.08,29.6,6.77,4.21,7485.01,1,419.15,7.14,0.8,47.1,,1.1,76.68,0.69,37457976,,,,
MOZ,Africa,Mozambique,7/21/24,233841,0,0,2252,-18.665695	,35.529562	,0,6741.55,0,0,64.92,32969520,0,,,,,,,,,,,,,,,,,,,,,,,,,,,,,,,,,37.73,17.7,3.16,1.87,1136.1,62.9,329.94,3.3,5.1,29.1,12.23,0.7,60.85,0.46,32969520,,,,
MMR,Asia,Myanmar,7/21/24,642839,20,2.86,19494,21.913965	,95.956223	,0,11791.04,0.37,0.05,357.56,54179312,0,,,,,,,,,,,,,,,,,,,,,,,,,,,,,,,,,81.72,29.1,5.73,3.12,5591.6,6.4,202.1,4.61,6.3,35.2,79.29,0.9,67.13,0.58,54179312,,,,
NAM,Africa,Namibia,7/21/24,172526,0,0,4108,-22.95764	,18.49041	,0,56872.41,0,0,1354.18,2567024,0,,,,,,,,,,,,,,,,,,,,,,,,,,,,,,,,,3.08,22,3.55,2.08,9541.81,13.4,243.81,3.94,9.7,34.2,44.6,,63.71,0.65,2567024,,,,
NRU,Oceania,Nauru,7/21/24,5393,0,0,1,-0.522778	,166.931503	,0,450445.1,0,0,83.52,12691,0,,,,,,,,,,,,,,,,,,,,,,,,,,,,,,,,,682.45,,,,12895.64,,,24.07,43,36.9,,5,59.96,,12691,,,,
NPL,Asia,Nepal,7/21/24,1003450,0,0,12031,28.394857	,84.124008	,0,33844.03,0,0,405.78,30547586,0,,,,,,,,,,,,,,,,,,,,,,,,,,,,,,,,,204.43,25,5.81,3.21,2442.8,15,260.8,7.26,9.5,37.8,47.78,0.3,70.78,0.6,30547586,,,,
NLD,Europe,Netherlands,7/21/24,8639162,475,67.86,22986,52.132633	,5.291266	,0,473762.72,26.05,3.72,1260.53,17564020,0,,,,,,,,,,,,,,,,,,,,,,,,,,,,,,,,,508.54,43.2,18.78,11.88,48472.54,,109.36,5.29,24.4,27.3,,3.32,82.28,0.94,17564020,,,,
NCL,Oceania,New Caledonia,7/21/24,80163,0,0,314,-20.904305	,165.618042	,0,273779.06,0,0,1072.4,289959,0,,,,,,,,,,,,,,,,,,,,,,,,,,,,,,,,,15.34,33.4,9.95,6.49,,,,23.36,,,,,77.55,,289959,,,,
NZL,Oceania,New Zealand,7/21/24,2635247,2261,323,4246,-40.900557	,174.885971	,4.29,505221.25,433.47,61.92,814.03,5185289,0.82,,,,,,,,,,,,,,,,,,,13373303,,,4919904,,1427,257.91,,,94.88,275,,,,18.21,37.9,15.32,9.72,36085.84,,128.8,8.08,14.8,17.2,,2.61,82.29,0.93,5185289,,,,
NIC,North America,Nicaragua,7/21/24,16179,4,0.57,245,12.865416	,-85.207229	,0,2337.62,0.58,0.08,35.4,6948395,0,,,,,,,,,,,,,,,,,,,,,,,,,,,,,,,,,51.67,27.3,5.44,3.52,5321.44,3.2,137.02,11.47,,,,0.9,74.48,0.66,6948395,,,,
NER,Africa,Niger,7/21/24,9518,0,0,315,17.607789	,8.081666	,0,351.46,0,0,11.63,26207982,0,,,,,,,,,,,,,,,,,,,,,,,,,,,,,,,,,16.95,15.1,2.55,1.38,926,44.5,238.34,2.42,0.1,15.4,8.98,0.3,62.42,0.39,26207982,,,,
NGA,Africa,Nigeria,7/21/24,267188,0,0,3155,9.081999	    ,8.675277	,0,1147,0,0,13.54,218541216,0,,,,,,,,,,,,,,,,,,,,,,,,,,,,,,,,,209.59,18.1,2.75,1.45,5338.45,,181.01,2.42,0.6,10.8,41.95,,54.69,0.54,218541216,,,,
NIU,Oceania,Niue,7/21/24,1074,0,0,0,-29.040835	,167.954712	,0,583361.25,0,0,0,1952,0,,,,,,,,,,,,,,,,,,,,,,,,,,,,,,,,,,,,,,,,,,,,,73.71,,1952,,,,
OWID_NAM,,North America,7/21/24,124485352,1065,152.14,1669595,40.339852	,127.510093	,62,202950.36,1.74,0.25,2721.97,600323657,0.1,,,,,,,,,,,,,,,,,,,1158543440,458563506,394493922,256264554,442,494,192.99,76.39,65.71,42.69,1,0,0,,,,,,,,,,,,,,,,600323657,,,,
PRK,Asia,North Korea,7/21/24,0,0,0,0,17.33083	    ,145.38469	,0,0,0,0,0,26069416,0,,,,,,,,,,,,,,,,,,,,,,,,,,,,,,,,,211.7,35.3,9.49,6.14,,,321.68,4,,,,13.2,72.27,,26069416,,,,
MKD,Europe,North Macedonia,7/21/24,350731,61,8.71,9977,,,0,192444.38,33.47,4.78,5474.33,2093606,0,,,,,,,,,,,,,,,,,,,,,,,,,,,,,,,,,82.6,39.1,13.26,8.16,13111.21,5,322.69,10.08,,,,4.28,75.8,0.77,2093606,,,,
OWID_CYN,Asia,Northern Cyprus,12/6/22,,,,,,,,,,,,382836,,,,,,,,,,,,,,,,,,,,,,313067,,,,,,81.78,,,,,,,,,,,,,,,,,,,,382836,,,,
OWID_NIR,Europe,Northern Ireland,12/11/23,,,,,,,,,,,,1896000,,,,,44,23.21,,,29,15.3,,,,,,,,,,,,,,,,,,,,,,,,,,,,,,,,,,,,,,1896000,,,,
MNP,Oceania,Northern Mariana Islands,7/21/24,14837,58,8.29,41,,,0,335233.75,1310.48,187.21,926.37,49574,0,,,,,,,,,,,,,,,,,,,,,,,,,,,,,,,,,119.88,,,,,,194.99,,,,,,76.74,,49574,,,,
NOR,Europe,Norway,7/21/24,1511220,659,94.14,5732,60.472024	,8.468946	,0,270866.88,118.12,16.87,1027.39,5434324,0,,,,,,,,,,,,,,,,,,,,,,,,,,,,,,,,,14.46,39.7,16.82,10.81,64800.06,0.2,114.32,5.31,19.6,20.7,,3.6,82.4,0.96,5434324,,,,
OWID_OCE,,Oceania,7/21/24,14994074,2329,332.71,32880,,,4.29,325126.88,50.5,7.21,712.96,45038860,0.09,,,,,,,,,,,,,,,,,,,88333717,28960501,28072902,25376179,1427,1427,196.13,64.3,62.33,56.34,32,0,0,,,,,,,,,,,,,,,,45038860,,,,
OMN,Asia,Oman,7/21/24,399449,0,0,4628,21.512583	,55.923255	,0,75464.25,0,0,874.33,4576300,0,,,,,,,,,,,,,,,,,,,,,,,,,,,,,,,,,14.98,30.7,2.36,1.53,37960.71,,266.34,12.61,0.5,15.6,97.4,1.6,77.86,0.81,4576300,,,,
PAK,Asia,Pakistan,7/21/24,1580631,0,0,30656,30.375321	,69.345116	,0,6285.17,0,0,121.9,235824864,0,,,,,,,,,,,,,,,,,,,,,,,,,,,,,,,,,255.57,23.5,4.5,2.78,5034.71,4,423.03,8.35,2.8,36.7,59.61,0.6,67.27,0.56,235824864,,,,
PLW,Oceania,Palau,7/21/24,6372,0,0,10,7.51498	    ,134.58252	,0,359649.56,0,0,564.42,18084,0,,,,,,,,,,,,,,,,,,,,,,,,,,,,,,,,,47.24,,,,13240.4,,,15.89,7.7,22.7,,4.8,73.7,0.83,18084,,,,
PSE,Asia,Palestine,7/21/24,703228,0,0,5708,31.952162	,35.233154	,0,127845.56,0,0,1037.7,5250076,0,,,,,,,,,,,,,,,,,,,,,,,,,,,,,,,,,778.2,20.4,3.04,1.73,4449.9,1,265.91,10.59,,,,,74.05,0.71,5250076,,,,
PAN,North America,Panama,7/21/24,1044783,52,7.43,8738,8.537981	    ,-80.782127	,0.71,231217.14,11.51,1.64,1933.78,4408582,0.16,,,,,,,,,,,,,,,,,,,,,,,,,,,,,,,,,55.13,29.7,7.92,5.03,22267.04,2.2,128.35,8.33,2.4,9.9,,2.3,78.51,0.82,4408582,,,,
PNG,Oceania,Papua New Guinea,7/21/24,46864,0,0,670,-6.314993	,143.95555	,0,4426.68,0,0,63.29,10142625,0,,,,,,,,,,,,,,,,,,,,,,,,,,,,,,,,,18.22,22.6,3.81,2.14,3823.19,,561.49,17.65,23.5,48.8,,,64.5,0.56,10142625,,,,
PRY,South America,Paraguay,7/21/24,735759,0,0,19880,-23.442503	,-58.443832	,0,106112.7,0,0,2867.14,6780745,0,,,,,,,,,,,,,,,,,,,,,,,,,,,,,,,,,17.14,26.5,6.38,3.83,8827.01,1.7,199.13,8.27,5,21.6,79.6,1.3,74.25,0.73,6780745,,,,
PER,South America,Peru,7/21/24,4526977,0,0,220975,-9.189967	,-75.015152	,0,132222.72,0,0,6454.18,34049588,0,,,,,,,,,,,,,,,,,,,,,,,,,,,,,,,,,25.13,29.1,7.15,4.46,12236.71,3.5,85.76,5.95,4.8,,,1.6,76.74,0.78,34049588,,,,
PHL,Asia,Philippines,7/21/24,4140383,0,0,66864,12.879721	,121.774017	,0,35725.19,0,0,576.93,115559008,0,,,,,,,,,,,,,,,,,,,,,,,,,,,,,,,,,351.87,25.2,4.8,2.66,7599.19,,370.44,7.07,7.8,40.8,78.46,1,71.23,0.72,115559008,,,,
PCN,Oceania,Pitcairn,8/29/22,,,,,,,,,,,,47,,,,,,,,,,,,,,,,,,,,117,47,47,23,,0,248.94,100,100,48.94,0,0,0,,,,,,,,,,,,,,,,47,,,,
POL,Europe,Poland,7/21/24,6666637,914,130.57,120718,51.919438	,19.145136	,0,173081.25,23.73,3.39,3134.12,39857144,0,,,,,,,,,,,,,,,,,,,,,,,,,,,,,,,,,124.03,41.8,16.76,10.2,27216.44,,227.33,5.91,23.3,33.1,,6.62,78.73,0.88,39857144,,,,
PRT,Europe,Portugal,7/21/24,5661625,1758,251.14,28695,39.399872	,-8.224454	,8.29,543104.8,168.64,24.09,2752.64,10270857,0.8,,,,,,,,,,,,,,,,,,,,,,,,,,,,,,,,,112.37,46.2,21.5,14.92,27936.9,0.5,127.84,9.85,16.3,30,,3.39,82.05,0.86,10270857,,,,
PRI,North America,Puerto Rico,7/21/24,1252713,0,0,5938,18.220833	,-66.590149	,0,386421.25,0,0,1831.68,3252412,0,,,,,,,,,,,,,,,,,,,,,,,,,,,,,,,,,376.23,38.2,15.17,9.83,35044.67,,108.09,12.9,,,,,80.1,,3252412,,,,
QAT,Asia,Qatar,7/21/24,514524,0,0,690,25.354826	,51.183884	,0,168578.95,0,0,226.07,2695131,0,,,,,,,,,,,,,,,,,,,,,,,,,,,,,,,,,227.32,31.9,1.31,0.62,116935.6,,176.69,16.52,0.8,26.9,,1.2,80.23,0.85,2695131,,,,
REU,Africa,Reunion,7/21/24,494595,0,0,921,-21.115141	,55.536384	,0,562804.6,0,0,1048.02,974062,0,,,,,,,,,,,,,,,,,,,,,,,,,,,,,,,,,,36,,6.84,,,,,,,,,80.48,,974062,,,,
ROU,Europe,Romania,7/21/24,3533987,1844,263.43,68815,45.943161	,24.96676	,0.86,185908.67,97,13.86,3620.08,19659270,0.04,,,,,,,,,,,,,,,,,,,,,,,,,,,,,,,,,85.13,43,17.85,11.69,23313.2,5.7,370.95,9.74,22.9,37.1,,6.89,76.05,0.83,19659270,,,,
RUS,Europe,Russia,7/21/24,24254803,5431,775.86,403155,61.52401	    ,105.318756	,2.86,167534.1,37.51,5.36,2784.69,144713312,0.02,,,,,,,,,,,,,,,,,,,,,,,,,,,,,,,,,8.82,39.6,14.18,9.39,24765.95,0.1,431.3,6.18,23.4,58.3,,8.05,72.58,0.82,144713312,,,,
RWA,Africa,Rwanda,7/21/24,133264,0,0,1468,-1.940278	,29.873888	,0,9336.32,0,0,102.85,13776702,0,,,,,,,,,,,,,,,,,,,,,,,,,,,,,,,,,494.87,20.3,2.97,1.64,1854.21,56,191.38,4.28,4.7,21,4.62,,69.02,0.54,13776702,,,,
BLM,North America,Saint Barthelemy,7/21/24,5507,0,0,5,,,0,487743.66,0,0,442.84,10994,0,,,,,,,,,,,,,,,,,,,,,,,,,,,,,,,,,,,,,,,,,,,,,,,10994,,,,
SHN,Africa,Saint Helena,7/21/24,2166,0,0,0,-24.143474	,-10.030696	,0,411810.66,0,0,0,5401,0,,,,,,,,,,,,,,,,,,,,,,,,,,,,,,,,,,,,,,,,,,,,,80.56,,5401,,,,
KNA,North America,Saint Kitts and Nevis,7/21/24,6607,0,0,46,17.357822	,-62.782998	,0,140960.7,0,0,981.41,47681,0,,,,,,,,,,,,,,,,,,,,,,,,,,,,,,,,,212.86,,,,24654.38,,,12.84,,,,2.3,76.23,0.78,47681,,,,
LCA,North America,Saint Lucia,7/21/24,30271,12,1.71,410,13.909444	,-60.978893	,0,168384.39,66.75,9.54,2280.65,179872,0,,,,,,,,,,,,,,,,,,,,,,,,,,,,,,,,,293.19,34.9,9.72,6.4,12951.84,,204.62,11.62,,,87.2,1.3,76.2,0.76,179872,,,,
MAF,North America,Saint Martin (French part),7/21/24,12324,0,0,46,,,0,472369.6,0,0,1763.14,31816,0,,,,,,,,,,,,,,,,,,,,,,,,,,,,,,,,,590.53,,,,,,,,,,,,82.08,,31816,,,,
SPM,North America,Saint Pierre and Miquelon,7/21/24,3426,0,0,2,46.941936	,-56.27111	,0,606498.1,0,0,354.06,5885,0,,,,,,,,,,,,,,,,,,,,,,,,,,,,,,,,,,,,,,,,,,,,,81.07,,5885,,,,
VCT,North America,Saint Vincent and the Grenadines,7/21/24,9674,0,0,124,12.984305	,-61.287228	,0,96170.8,0,0,1232.7,103959,0,,,,,,,,,,,,,,,,,,,,,,,,,,,,,,,,,281.79,31.8,7.72,4.83,10727.15,,252.68,11.62,,,,2.6,72.53,0.74,103959,,,,
WSM,Oceania,Samoa,7/21/24,17057,0,0,31,,,0,78207.09,0,0,142.14,222390,0,,,,,,,,,,,,,,,,,,,,,,,,,,,,,,,,,69.41,22,5.61,3.56,6021.56,,348.98,9.21,16.7,38.1,,,73.32,0.72,222390,,,,
SMR,Europe,San Marino,7/21/24,25292,0,0,126,43.94236	    ,12.457777	,0,752614.75,0,0,3749.39,33690,0,,,,,,,,,,,,,,,,,,,,,,,,,,,,,,,,,556.67,,,,56861.47,,,5.64,,,,3.8,84.97,,33690,,,,
STP,Africa,Sao Tome and Principe,7/21/24,6771,0,0,80,,,0,28714.25,0,0,339.26,227393,0,,,,,,,,,,,,,,,,,,,,,,,,,,,,,,,,,212.84,18.7,2.89,2.16,3052.71,32.3,270.11,2.42,,,41.34,2.9,70.39,0.62,227393,,,,
SAU,Asia,Saudi Arabia,7/21/24,841469,0,0,9646,23.885942	,45.079162	,0,24752.13,0,0,283.74,36408824,0,,,,,,,,,,,,,,,,,,,,,,,,,,,,,,,,,15.32,31.9,3.3,1.84,49045.41,,259.54,17.72,1.8,25.4,,2.7,75.13,0.85,36408824,,,,
OWID_SCT,Europe,Scotland,10/2/23,,,,,,,,,,,,5466000,,,,,329,60.19,,,,,,,,,,,,,,,,,,,,,,,,,,,,,,,,,,,,,,,,,,5466000,,,,
SEN,Africa,Senegal,7/21/24,89409,0,0,1971,14.497401	,-14.452362	,0,4826.25,0,0,106.39,17316452,0,,,,,,,,,,,,,,,,,,,,,,,,,,,,,,,,,82.33,18.7,3.01,1.8,2470.58,38,241.22,2.42,0.4,16.6,20.86,,67.94,0.51,17316452,,,,
SRB,Europe,Serbia,7/21/24,2583470,0,0,18057,44.016521	,21.005859	,0,383666.66,0,0,2681.61,6871547,0,,,,,,,,,,,,,,,,,,,,,,,,,,,,,,,,,80.29,41.2,17.37,,14048.88,,439.42,10.08,37.7,40.2,97.72,5.61,76,0.81,6871547,,,,
SYC,Africa,Seychelles,7/21/24,51790,0,0,172,-4.679574	,55.491977	,0,396659.88,0,0,1317.35,107135,0,,,,,,,,,,,,,,,,,,,,,,,,,,,,,,,,,208.35,36.2,8.61,5.59,26382.29,1.1,242.65,10.55,7.1,35.7,,3.6,73.4,0.8,107135,,,,
SLE,Africa,Sierra Leone,7/21/24,7979,0,0,125,8.460555	    ,-11.779889	,0,922.24,0,0,14.45,8605723,0,,,,,,,,,,,,,,,,,,,,,,,,,,,,,,,,,104.7,19.1,2.54,1.28,1390.3,52.2,325.72,2.42,8.8,41.3,19.27,,54.7,0.45,8605723,,,,
SGP,Asia,Singapore,7/21/24,3006155,0,0,2024,1.352083	    ,103.819836	,0,515238.78,0,0,346.9,5637022,0,,,,,,,,,,,,,,,,,,,,,,,,,,,,,,,,,7915.73,42.4,12.92,7.05,85535.38,,92.24,10.99,5.2,28.3,,2.4,83.62,0.94,5637022,,,,
SXM,North America,Sint Maarten (Dutch part),7/21/24,11051,0,0,92,,,0,254611.08,0,0,2119.65,44192,0,,,,,,,,,,,,,,,,,,,,,,,,,,,,,,,,,1209.09,,,,36327.23,,,,,,,,78.95,,44192,,,,
SVK,Europe,Slovakia,7/21/24,1877895,29,4.14,21226,48.669026	,19.699024	,0,341124.6,5.27,0.75,3855.76,5643455,0,,,,,,,,,,,,,,,,,,,,,,,,,,,,,,,,,113.13,41.2,15.07,9.17,30155.15,0.7,287.96,7.29,23.1,37.7,,5.82,77.54,0.86,5643455,,,,
SVN,Europe,Slovenia,7/21/24,1356318,100,14.29,10073,46.151241	,14.995463	,0.57,640195.06,47.2,6.74,4754.55,2119843,0.27,,,,,,,,,,,,,,,,,,,,,,,,,,,,,,,,,102.62,44.5,19.06,12.93,31400.84,,153.49,7.25,20.1,25,,4.5,81.32,0.92,2119843,,,,
SLB,Oceania,Solomon Islands,7/21/24,25954,0,0,199,-9.64571	    ,160.156194	,0,31640.7,0,0,242.6,724272,0,,,,,,,,,,,,,,,,,,,,,,,,,,,,,,,,,21.84,20.8,3.51,2.04,2205.92,25.1,459.78,18.68,,,35.89,1.4,73,0.57,724272,,,,
SOM,Africa,Somalia,7/21/24,27334,0,0,1361,5.152149	    ,46.199616	,0,1435.27,0,0,71.46,17597508,0,,,,,,,,,,,,,,,,,,,,,,,,,,,,,,,,,23.5,16.8,2.73,1.5,,,365.77,6.05,,,9.83,0.9,57.4,,17597508,,,,
ZAF,Africa,South Africa,7/21/24,4072759,0,0,102595,-30.559482	,22.937506	,0,63589.43,0,0,1601.85,59893884,0,,,,,,,,,,,,,,,,,,,,,,,,,,,,,,,,,46.75,27.3,5.34,3.05,12294.88,18.9,200.38,5.52,8.1,33.2,43.99,2.32,64.13,0.71,59893884,,,,
OWID_SAM,,South America,7/21/24,68819148,1296,185.14,1354206,,,0.14,157933.36,2.97,0.42,3107.77,436816679,0,,,,,,,,,,,,,,,,,,,,,,,,,,,,,,,,,,,,,,,,,,,,,,,436816679,,,,
KOR,Asia,South Korea,7/21/24,34571873,0,0,35934,35.907757	,127.766922	,0,668510,0,0,694.85,51815808,0,,,,,,,,,,,,,,,,,,,,,,,,,,,,,,,,,527.97,43.4,13.91,8.62,35938.37,0.2,86,6.8,6.2,40.9,,12.27,83.03,0.92,51815808,,,,
SSD,Africa,South Sudan,7/21/24,18823,0,0,147,,,0,1574.24,0,0,12.29,10913172,0,,,,,,,,,,,,,,,,,,,,,,,,,,,,,,,,,,19.2,3.44,2.03,1569.89,,280.77,10.43,,,,,57.85,0.43,10913172,,,,
ESP,Europe,Spain,7/21/24,13980340,,,121852,40.463667	,-3.74922	,,291807.84,,,2543.38,47558632,,,,,,,,,,,,,,,,,,,,,,,,,,,,,,,,,,93.1,45.5,19.44,13.8,34272.36,1,99.4,7.17,27.4,31.4,,2.97,83.56,0.9,47558632,,,,
LKA,Asia,Sri Lanka,7/21/24,672797,6,0.86,16907,7.873054	    ,80.771797	,0,29112.23,0.26,0.04,731.57,21832150,0,,,,,,,,,,,,,,,,,,,,,,,,,,,,,,,,,341.96,34.1,10.07,5.33,11669.08,0.7,197.09,10.68,0.3,27,,3.6,76.98,0.78,21832150,,,,
SDN,Africa,Sudan,7/21/24,63993,0,0,5046,12.862807	,30.217636	,0,1266.8,0,0,99.89,46874200,0,,,,,,,,,,,,,,,,,,,,,,,,,,,,,,,,,23.26,19.7,3.55,2.03,4466.51,,431.39,15.67,,,23.44,0.8,65.31,0.51,46874200,,,,
SUR,South America,Suriname,7/21/24,82501,0,0,1406,3.919305	    ,-56.027783	,0,129977.07,0,0,2215.1,618046,0,,,,,,,,,,,,,,,,,,,,,,,,,,,,,,,,,3.61,29.6,6.93,4.23,13767.12,,258.31,12.54,7.4,42.9,67.78,3.1,71.68,0.74,618046,,,,
SWE,Europe,Sweden,7/21/24,2753981,412,58.86,27339,60.128161	,18.643501	,0,259571.66,38.83,5.55,2576.79,10549349,0,,,,,,,,,,,,,,,,,,,,,,,,,,,,,,,,,24.72,41,19.98,13.43,46949.28,0.5,133.98,4.79,18.8,18.9,,2.22,82.8,0.94,10549349,,,,
CHE,Europe,Switzerland,7/21/24,4456903,550,78.57,14170,46.818188	,8.227512	,0,499402.56,61.63,8.8,1587.77,8740471,0,,,,,,,,,,,,,,,,,,,,,,,,,,,,,,,,,214.24,43.1,18.44,12.64,57410.17,,99.74,5.59,22.6,28.9,,4.53,83.78,0.96,8740471,,,,
SYR,Asia,Syria,7/21/24,57423,0,0,3163,34.802075	,38.996815	,0,2322.5,0,0,127.93,22125242,0,,,,,,,,,,,,,,,,,,,,,,,,,,,,,,,,,,21.7,,2.58,,,376.26,,,,70.6,1.5,72.7,0.57,22125242,,,,
TWN,Asia,Taiwan,9/24/23,,,,,23.69781	    ,120.960515	,,,,,,23893396,,,,,,,,,,,,,,,,,,,,68158988,21899240,20793089,25466659,,323,285.26,91.65,87.02,106.58,14,43,0,,,42.2,,8.35,,,103.96,,,,,,80.46,,23893396,,,,
TJK,Asia,Tajikistan,7/21/24,17786,0,0,125,38.861034	,71.276093	,0,1677.66,0,0,11.79,9952789,0,,,,,,,,,,,,,,,,,,,,,,,,,,,,,,,,,64.28,23.3,3.47,2.15,2896.91,4.8,427.7,7.11,,,72.7,4.8,71.1,0.67,9952789,,,,
TZA,Africa,Tanzania,7/21/24,43230,0,0,846,-6.369028	,34.888822	,0,629.54,0,0,12.32,65497752,0,,,,,,,,,,,,,,,,,,,,,,,,,,,,,,,,,64.7,17.7,3.11,1.87,2683.3,49.1,217.29,5.75,3.3,26.7,47.95,0.7,65.46,0.53,65497752,,,,
THA,Asia,Thailand,7/21/24,4797692,1067,152.43,34712,15.870032	,100.992541	,0.43,66945.75,14.89,2.13,484.36,71697024,0.01,,,,,,,,,,,,,,,,,,,,,,,,,,,,,,,,,135.13,40.1,11.37,6.89,16277.67,0.1,109.86,7.04,1.9,38.8,90.67,2.1,77.15,0.78,71697024,,,,
TGO,Africa,Togo,7/21/24,39530,0,0,290,8.619543	    ,0.824782	,0,4149.46,0,0,30.44,8848700,0,,,,,,,,,,,,,,,,,,,,,,,,,,,,,,,,,143.37,19.4,2.84,1.52,1429.81,49.2,280.03,6.15,0.9,14.2,10.48,0.7,61.04,0.52,8848700,,,,
TKL,Oceania,Tokelau,7/21/24,80,0,0,0,,,0,31574.4,0,0,0,1893,0,,,,,,,,,,,,,,,,,,,,,,,,,,,,,,,,,,,,,,,,,,,,,81.86,,1893,,,,
TON,Oceania,Tonga,7/21/24,16976,3,0.43,12,,,0,162969.95,28.8,4.11,115.2,106867,0,,,,,,,,,,,,,,,,,,,,,,,,,,,,,,,,,150.03,22.3,5.82,4.03,5425.62,,227.49,15.42,11.8,44.4,,2.6,70.91,0.72,106867,,,,
TTO,North America,Trinidad and Tobago,7/21/24,191496,0,0,4390,10.691803	,-61.222503	,0,126989.73,0,0,2911.21,1531043,0,,,,,,,,,,,,,,,,,,,,,,,,,,,,,,,,,266.89,36.2,10.01,5.82,28763.07,,228.47,10.97,,,89.44,3,73.51,0.8,1531043,,,,
TUN,Africa,Tunisia,7/21/24,1153361,0,0,29423,33.886917	,9.537499	,0,93914.11,0,0,2395.81,12356116,0,,,,,,,,,,,,,,,,,,,,,,,,,,,,,,,,,74.23,32.7,8,5.08,10849.3,2,318.99,8.52,1.1,65.8,78.69,2.3,76.7,0.74,12356116,,,,
TUR,Asia,Turkey,7/21/24,17004718,0,0,101419,38.963745	,35.243322	,0,194372.08,0,0,1159.27,85341248,0,,,,,,,,,,,,,,,,,,,,,,,,,,,,,,,,,104.91,31.6,8.15,5.06,25129.34,0.2,171.28,12.13,14.1,41.1,,2.81,77.69,0.82,85341248,,,,
TKM,Asia,Turkmenistan,7/21/24,0,0,0,0,38.969719	,59.556278	,0,0,0,0,0,6430777,0,,,,,,,,,,,,,,,,,,,,,,,,,,,,,,,,,12.25,26.9,4.28,2.54,16389.02,,536.78,7.11,,,100,7.4,68.19,0.72,6430777,,,,
TCA,North America,Turks and Caicos Islands,7/21/24,6805,4,0.57,40,21.694025	,-71.797928	,0,146094.72,85.88,12.27,858.75,45726,0,,,,,,,,,,,,,,,,,,,,,,,,,,,,,,,,,37.31,,,,,,,,,,,,80.22,,45726,,,,
TUV,Oceania,Tuvalu,7/21/24,2943,0,0,1,-7.109535	,177.64933	,0,304638.94,0,0,103.51,11335,0,,,,,,,,,,,,,,,,,,,,,,,,,,,,,,,,,373.07,,,,3575.1,3.3,,27.25,,,,,67.57,,11335,,,,
UGA,Africa,Uganda,7/21/24,172154,0,0,3632,1.373333	    ,32.290275	,0,3436.88,0,0,72.51,47249588,0,,,,,,,,,,,,,,,,,,,,,,,,,,,,,,,,,213.76,16.4,2.17,1.31,1697.71,41.6,213.33,2.5,3.4,16.7,21.22,0.5,63.37,0.54,47249588,,,,
UKR,Europe,Ukraine,7/21/24,5532518,71,10.14,109920,48.379433	,31.16558	,0,145893.58,1.87,0.27,2898.61,39701744,0,,,,,,,,,,,,,,,,,,,,,,,,,,,,,,,,,77.39,41.4,16.46,11.13,7894.39,0.1,539.85,7.11,13.5,47.4,,8.8,72.06,0.78,39701744,,,,
ARE,Asia,United Arab Emirates,7/21/24,1067030,0,0,2349,23.424076	,53.847818	,0,96610.96,0,0,212.68,9441138,0,,,,,,,,,,,,,,,,,,,,,,,,,,,,,,,,,112.44,34,1.14,0.53,67293.48,,317.84,17.26,1.2,37.4,,1.2,77.97,0.89,9441138,,,,
GBR,Europe,United Kingdom,7/21/24,24964791,4052,578.86,232112,55.378051	,-3.435973	,0,360967.22,58.59,8.37,3356.12,67508936,0,,,,,,,,,,,,,,,,,,,,,,,,,,,,,,,,,272.9,40.8,18.52,12.53,39753.24,0.2,122.14,4.28,20,24.7,,2.54,81.32,0.93,67508936,,,,
USA,North America,United States,7/21/24,103436829,,,1191632,37.09024	    ,-95.712891	,60.43,299358.84,,,3448.73,338289856,0.18,,,,,,,,,,,,,,,,,,,,,,,,,,,,,,,,,35.61,38.3,15.41,9.73,54225.45,1.2,151.09,10.79,19.1,24.6,,2.77,78.86,0.93,338289856,,,,
VIR,North America,United States Virgin Islands,7/21/24,25389,0,0,132,,,0,299116.7,0,0,1555.14,99479,0,,,,,,,,,,,,,,,,,,,,,,,,,,,,,,,,,306.48,42.2,18.6,10.8,,,273.67,12.26,,,,,80.58,,99479,,,,
OWID_UMC,,Upper-middle-income countries,7/21/24,251733091,12808,1829.71,2824370,,,4.57,88470.83,4.5,0.64,992.62,2525921300,0,,,,,,,,,,,,,,,,,,,,,,,,,,,,,,,,,,,,,,,,,,,,,,,2525921300,,,,
URY,South America,Uruguay,7/21/24,1041317,10,1.43,7682,-32.522779	,-55.765835	,0,307492.62,2.95,0.42,2268.43,3422796,0,,,,,,,,,,,,,,,,,,,,,,,,,,,,,,,,,19.75,35.6,14.66,10.36,20551.41,0.1,160.71,6.93,14,19.9,,2.8,77.91,0.82,3422796,,,,
UZB,Asia,Uzbekistan,7/21/24,175081,0,0,1016,41.377491	,64.585262	,0,4809.95,0,0,27.91,34627648,0,,,,,,,,,,,,,,,,,,,,,,,,,,,,,,,,,76.13,28.2,4.47,2.87,6253.1,,724.42,7.57,1.3,24.7,,4,71.72,0.72,34627648,,,,
VUT,Oceania,Vanuatu,7/21/24,12019,0,0,14,-15.376706	,166.959158	,0,36621.85,0,0,42.66,326744,0,,,,,,,,,,,,,,,,,,,,,,,,,,,,,,,,,22.66,23.1,4.39,2.62,2921.91,13.2,546.3,12.02,2.8,34.5,25.21,,70.47,0.61,326744,,,,
VAT,Europe,Vatican,7/21/24,26,0,0,0,41.902916	,12.453389	,0,51265.43,0,0,0,808,0,,,,,,,,,,,,,,,,,,,,,,,,,,,,,,,,,,,,,,,,,,,,,75.12,,808,,,,
VEN,South America,Venezuela,7/21/24,552695,0,0,5856,6.42375	    ,-66.58973	,0,19453.12,0,0,206.11,28301700,0,,,,,,,,,,,,,,,,,,,,,,,,,,,,,,,,,36.25,29,6.61,3.92,16745.02,,204.85,6.47,,,,0.8,72.06,0.71,28301700,,,,
VNM,Asia,Vietnam,7/21/24,11624000,0,0,43206,14.058324	,108.277199	,0,115065.01,0,0,427.69,98186856,0,,,,,,,,,,,,,,,,,,,,,,,,,,,,,,,,,308.13,32.6,7.15,4.72,6171.88,2,245.46,6,1,45.9,85.85,2.6,75.4,0.7,98186856,,,,
OWID_WLS,Europe,Wales,7/12/23,,,,,24.215527	,-12.885834	,,,,,,3170000,,,5,1.58,142,44.8,,,5,1.58,,,,,,,,,,,,,,,,,,,,,,,,,,,,,,,,,,,,,,3170000,,,,
WLF,Oceania,Wallis and Futuna,7/21/24,3760,0,0,9,,,0,332785.72,0,0,796.56,11596,0,,,,,,,,,,,,,,,,,,,,,,,,,,,,,,,,,,,,,,,,,,,,,79.94,,11596,,,,
ESH,Africa,Western Sahara,4/20/22,,,,,,,,,,,,576005,,,,,,,,,,,3943,,6.97,,,,,,tests performed,,,,,,,,,,,,,,,,28.4,,1.38,,,,,,,,,70.26,,576005,,,,
OWID_WRL,,World,7/21/24,775730930,38544,5506.29,7054878,,,87.43,95370.62,4.74,0.68,867.35,7975105024,0.01,,,,,,,,,,,,,,,,,,,13578740529,5631263512,5177942781,2817351712,2050,2108,170.26,70.61,64.93,35.33,0,10,0,,58.04,30.9,8.7,5.36,15469.21,10,233.07,8.51,6.43,34.64,60.13,2.7,72.58,0.74,7975105024,,,,
YEM,Asia,Yemen,7/21/24,11945,0,0,2159,15.552727	,48.516388	,0,293.86,0,0,53.11,33696612,0,,,,,,,,,,,,,,,,,,,,,,,,,,,,,,,,,53.51,20.3,2.92,1.58,1479.15,18.8,495,5.35,7.6,29.2,49.54,0.7,66.12,0.47,33696612,,,,
ZMB,Africa,Zambia,7/21/24,349749,0,0,4069,-13.133897	,27.849332	,0,16383.39,0,0,190.6,20017670,0,,,,,,,,,,,,,,,,,,,,,,,,,,,,,,,,,23,17.7,2.48,1.54,3689.25,57.5,234.5,3.94,3.1,24.7,13.94,2,63.89,0.58,20017670,,,,
ZWE,Africa,Zimbabwe,7/21/24,266385,0,0,5740,-19.015438	,29.154857	,0,15997.46,0,0,344.71,16320539,0,,,,,,,,,,,,,,,,,,,,,,,,,,,,,,,,,42.73,19.6,2.82,1.88,1899.78,21.4,307.85,1.82,1.6,30.7,36.79,1.7,61.49,0.57,16320539,,,,